<?xml version="1.0" encoding="UTF-8"?>
<description xmlns="http://openoffice.org/extensions/description/2006" xmlns:d="http://openoffice.org/extensions/description/2006"  xmlns:xlink="http://www.w3.org/1999/xlink">

    <identifier value="org.libreoffice.ro.dictionaries.Hyphenations_ru-RU" />

    <version value="0.0.3" />

    <dependencies>
        <OpenOffice.org-minimal-version value="3.0" d:name="Russian hyphenation dictionary from TEX for OpenOffice.org 3.0+ and LibreOffice"/>
    </dependencies>
    <display-name>
      <name lang="ru">Словарь переносов для русского языка сконвертированный из шаблонов переносов TEX. </name>
      <name lang="en">Russian hyphenation dictionary converted from TEX hyphenation patterns . </name>
    </display-name>
    <registration>
     <simple-license accept-by="admin" default-license-id="ID0" suppress-on-update="true" >
     <license-text xlink:href="license.txt" lang="en" license-id="ID0" />
     </simple-license>
    </registration>
    <extension-description>
            <src xlink:href="info_en.txt" lang="en" />
            <src xlink:href="info_ru.txt" lang="ru" />
    </extension-description>
	<icon>
		<default xlink:href="icon.png" />
	</icon>	
</description>
